date,min,max,pm25,q1,q3,stdev,count
2023-05-29T00:00:00.000Z,0.5,1.1,0.7,0.67,0.8,0.12,115
2023-05-30T00:00:00.000Z,0.3,1,0.7,0.6,0.75,0.115,465
2023-05-31T00:00:00.000Z,0.3,1.3,0.9,0.5,1.1,0.303,290
2023-06-01T00:00:00.000Z,0.3,1.53,0.67,0.56,0.8,0.221,462
2023-06-02T00:00:00.000Z,0.2,1.7,0.53,0.43,0.63,0.202,464
2023-06-03T00:00:00.000Z,0.3,1.47,0.77,0.6,0.9,0.209,380
2023-06-04T00:00:00.000Z,0.2,1.07,0.5,0.4,0.6,0.18,466
2023-06-05T00:00:00.000Z,0.3,6.77,0.6,0.5,2.17,1.125,163
2023-06-06T00:00:00.000Z,1.37,8.9,4.7,3.9,5.4,1.376,143
2023-06-07T00:00:00.000Z,1.12,3.83,1.85,1.69,2.67,0.637,204
2023-06-08T00:00:00.000Z,1.8,6.13,2.9,2.67,3.43,0.804,259
2023-06-09T00:00:00.000Z,0.7,3.33,1.6,1.3,2.35,0.631,253
2023-06-10T00:00:00.000Z,0.47,1.93,1.1,0.7,1.3,0.34,97
2023-06-11T00:00:00.000Z,0.9,2.93,1.3,1.2,1.9,0.516,246
2023-06-12T00:00:00.000Z,1.2,2.97,2.04,1.8,2.27,0.324,254
2023-06-13T00:00:00.000Z,1.8,6.3,2.43,2.23,3.1,1.071,283
2023-06-14T00:00:00.000Z,3,22.73,4.87,3.8,6.17,2.719,338
2023-06-15T00:00:00.000Z,3.58,10.6,6.83,5.48,7.7,1.576,297
2023-06-16T00:00:00.000Z,2.9,10.7,7.83,6.33,8.5,1.86,214
2023-06-17T00:00:00.000Z,3.87,13,7.47,6.17,8.69,1.955,304
2023-06-18T00:00:00.000Z,7.03,17.37,8.8,7.99,11.03,2.43,189
2023-06-19T00:00:00.000Z,6.4,21.9,14.53,8.67,17.82,4.835,35
2023-06-20T00:00:00.000Z,6.47,14.53,10.87,8.52,12.23,2.192,107
2023-06-21T00:00:00.000Z,5.47,17.87,10.8,9.97,12.9,2.55,63
2023-06-22T00:00:00.000Z,1.3,10.43,3.35,2.35,5.19,2.012,148
2023-06-23T00:00:00.000Z,1.1,6.7,1.9,1.5,3.2,1.051,201
2023-06-24T00:00:00.000Z,0.9,9.47,2.12,1.7,4.87,2.337,248
2023-06-25T00:00:00.000Z,3.43,15.07,6.33,4.2,8.67,2.366,179
2023-06-26T00:00:00.000Z,2.77,10.73,4.97,3.78,6.87,2.073,169
2023-06-27T00:00:00.000Z,1.27,8.77,3.9,2.1,5.33,1.949,263
2023-06-28T00:00:00.000Z,2.5,9.4,5.37,3.33,7,1.942,142
2023-06-29T00:00:00.000Z,1.4,8.07,3.89,3.39,4.23,0.974,100
2023-06-30T00:00:00.000Z,1.9,10.3,4.37,3.69,5.59,2.264,68
2023-07-01T00:00:00.000Z,1.5,5,3.27,2.1,4.26,1.047,103
2023-07-02T00:00:00.000Z,1.1,4.3,2.1,1.7,2.6,0.691,187
2023-07-03T00:00:00.000Z,1.1,10.93,2.13,1.77,2.47,1.075,235
2023-07-04T00:00:00.000Z,0.87,2.9,1.6,1.3,2,0.464,70
2023-07-05T00:00:00.000Z,1.12,7.2,2.4,1.63,4.19,1.641,261
2023-07-06T00:00:00.000Z,0.73,6.13,4.05,1.79,5.09,1.661,204
2023-07-07T00:00:00.000Z,1.2,6.43,2.47,1.8,3.72,1.111,385
2023-07-08T00:00:00.000Z,1.6,8.5,3.35,2.27,6.3,2.104,158
2023-07-09T00:00:00.000Z,1.6,4.7,2.83,2.52,3.4,0.64,175
2023-07-10T00:00:00.000Z,2,8.43,4,3.4,4.7,1.271,231
2023-07-11T00:00:00.000Z,1.87,7.43,4.2,2.83,5.57,1.493,239
2023-07-12T00:00:00.000Z,1.4,20.37,5.13,3.63,6.14,2.75,157
2023-07-13T00:00:00.000Z,0.7,5.09,2,1.33,3.07,1.014,371
2023-07-14T00:00:00.000Z,0.8,6.03,1.3,1.1,2.7,1.522,290
2023-07-15T00:00:00.000Z,1.4,5.13,2.17,2,2.4,0.499,135
2023-07-16T00:00:00.000Z,1.73,9.73,2.77,2.33,4.07,1.665,122
2023-07-17T00:00:00.000Z,1.63,4.3,3.6,3.3,4,0.665,59
2023-07-18T00:00:00.000Z,0.4,4.17,1.3,0.9,2.1,0.748,171
2023-07-19T00:00:00.000Z,0.5,4.9,1.4,0.9,2.33,0.838,355
2023-07-20T00:00:00.000Z,0.3,3.97,0.9,0.6,1.4,0.659,303
2023-07-21T00:00:00.000Z,0.7,8.9,1.33,1.1,1.97,1.07,146
2023-07-22T00:00:00.000Z,0.8,3.37,1.12,1,1.4,0.597,70
2023-07-23T00:00:00.000Z,1.4,7.13,3.07,2.77,3.5,0.902,62
2023-07-24T00:00:00.000Z,0.6,4.2,1.8,1.07,2.29,0.789,125
2023-07-25T00:00:00.000Z,0.8,2.6,1.3,1.1,1.87,0.443,64
2023-07-26T00:00:00.000Z,0.4,2.27,0.9,0.56,1.05,0.524,9
2023-07-27T00:00:00.000Z,0.7,4.09,1.2,1,2.69,0.956,168
2023-07-28T00:00:00.000Z,0.7,20.32,1.77,1.17,2.29,2.46,283
2023-07-29T00:00:00.000Z,2.17,6.23,2.9,2.7,3.23,0.749,179
2023-07-30T00:00:00.000Z,1.07,10.19,2.47,1.8,5.32,2.25,213
2023-07-31T00:00:00.000Z,0.9,3,1.4,1.25,1.77,0.49,128
2023-08-01T00:00:00.000Z,1,4.03,1.65,1.3,2.17,0.487,204
2023-08-02T00:00:00.000Z,1.3,5.8,2.9,2.57,3.5,0.722,389
2023-08-03T00:00:00.000Z,0.9,6.5,1.8,1.4,2.17,1.456,383
2023-08-04T00:00:00.000Z,1.1,6.13,2.17,1.63,2.8,1.1,298
2023-08-05T00:00:00.000Z,1.4,7.77,2.5,2,3.47,1.248,168
2023-08-06T00:00:00.000Z,1,5.17,2.43,1.6,3.55,1.064,300
2023-08-07T00:00:00.000Z,0.7,18.47,3.9,1.6,10.77,5.56,338
2023-08-08T00:00:00.000Z,0.6,4.5,1.23,1.1,1.6,0.614,293
2023-08-09T00:00:00.000Z,0.2,1.8,0.8,0.6,1.32,0.433,129
2023-08-10T00:00:00.000Z,0.3,10.9,1.1,0.7,1.6,1.912,311
2023-08-11T00:00:00.000Z,0.56,8.77,1.43,1.23,1.7,0.935,318
2023-08-12T00:00:00.000Z,2,14.4,3.69,2.77,5.67,3.056,262
2023-08-13T00:00:00.000Z,1.97,7.6,2.43,2.29,2.57,0.748,63
2023-08-14T00:00:00.000Z,1.4,3.53,2.2,1.77,2.59,0.499,113
2023-08-15T00:00:00.000Z,2.77,19.6,4.9,3.57,6.5,3.785,176
2023-08-16T00:00:00.000Z,0.8,1.87,1.03,0.9,1.2,0.257,58
2023-08-17T00:00:00.000Z,0.9,7.47,1.4,1.2,1.57,0.608,283
2023-08-18T00:00:00.000Z,0.6,3.57,1.5,1.1,2.17,0.7,391
2023-08-19T00:00:00.000Z,0.7,7.3,1.3,1.1,1.8,1.241,408
2023-08-20T00:00:00.000Z,0.93,9.1,3.97,2.2,5.5,1.987,351
2023-08-21T00:00:00.000Z,1.1,15.7,2.6,1.8,4.4,3.187,343
2023-08-22T00:00:00.000Z,1.43,19.2,2.87,2.29,6.1,3.266,427
2023-08-23T00:00:00.000Z,1.2,15.67,2.52,1.9,3.67,2.177,443
2023-08-24T00:00:00.000Z,1.2,5.09,2.33,1.77,2.9,0.743,360
2023-08-25T00:00:00.000Z,1.6,5.3,2.83,2.29,3.45,0.809,333
2023-08-26T00:00:00.000Z,0.23,5.73,3.57,1.3,4.23,1.599,120
2023-08-27T00:00:00.000Z,1.1,3.3,2,1.7,2.5,0.52,189
2023-08-28T00:00:00.000Z,0.9,7.2,1.4,1.2,2.37,1.532,106
2023-08-29T00:00:00.000Z,0.9,3.2,1.39,1.23,1.57,0.361,90
2023-08-30T00:00:00.000Z,1.43,1.87,1.63,1.5,1.8,0.148,10
2023-08-31T00:00:00.000Z,1.5,9.13,3,2.38,3.49,0.917,105
2023-09-01T00:00:00.000Z,1.07,3.5,2.37,2,2.8,0.611,139
2023-09-02T00:00:00.000Z,1,3.53,2.37,1.47,2.92,0.759,237
2023-09-03T00:00:00.000Z,1.17,4.53,2.73,1.9,3.3,0.845,393
2023-09-04T00:00:00.000Z,1.47,148.63,2.97,2.5,4.26,11.336,346
2023-09-05T00:00:00.000Z,1.2,9,2.7,2,4.07,1.652,342
2023-09-06T00:00:00.000Z,0.6,5.63,1.5,1.2,1.9,0.747,183
2023-09-07T00:00:00.000Z,4.53,12.47,10.07,9,11.03,1.855,83
2023-09-08T00:00:00.000Z,9.93,40.77,14.07,12.2,24.3,7.361,207
2023-09-09T00:00:00.000Z,6.63,30.47,16.77,9.57,19.8,6.118,197
2023-09-10T00:00:00.000Z,10.3,85.6,29.77,23.22,39.5,15.562,77
2023-09-18T00:00:00.000Z,0.5,19.67,1.2,1,2.15,3.25,221
2023-09-19T00:00:00.000Z,0.7,26.17,1.5,1.2,1.79,7.485,228
2023-09-20T00:00:00.000Z,0.4,8.5,1.02,0.8,2.17,1.09,180
2023-09-21T00:00:00.000Z,1.63,8.19,2.57,2.2,3.6,1.66,311
2023-09-22T00:00:00.000Z,1,11.77,1.9,1.43,4.59,1.869,272
2023-09-23T00:00:00.000Z,0.9,13.67,1.5,1.3,1.8,0.768,449
2023-09-24T00:00:00.000Z,0.43,14.23,1.43,0.83,2.79,3.002,312
2023-09-25T00:00:00.000Z,1.5,5.6,2.2,1.93,3.1,0.951,245
2023-09-26T00:00:00.000Z,3,9,4.94,4.13,6.83,1.659,210
2023-09-27T00:00:00.000Z,4.7,28.5,11.55,6.87,20.87,7.78,218
2023-09-28T00:00:00.000Z,2.77,52.77,10.09,7.4,14.97,8.415,218
2023-09-29T00:00:00.000Z,1.97,9.47,3.9,3.39,4.8,1.549,249
2023-09-30T00:00:00.000Z,1,10.33,3.57,2.79,4.42,1.85,224
2023-10-01T00:00:00.000Z,0.87,17.77,2.37,1.82,2.75,1.576,212
2023-10-02T00:00:00.000Z,1.67,5.43,3.53,2.7,4.26,0.913,193
2023-10-03T00:00:00.000Z,1.3,17.8,2.57,1.92,3.37,2.879,356
2023-10-04T00:00:00.000Z,0.2,9.63,1.5,0.8,2.35,1.488,409
2023-10-05T00:00:00.000Z,0.5,13.67,1.1,0.87,2.63,2.187,371
2023-10-06T00:00:00.000Z,0.1,21.17,1.6,0.99,2.95,2.504,212
2023-10-07T00:00:00.000Z,0.17,2.17,0.6,0.4,0.7,0.232,394
2023-10-08T00:00:00.000Z,0.3,6.67,0.7,0.5,1.8,1.35,450
2023-10-09T00:00:00.000Z,0.7,16.8,2.19,1.2,7.57,3.635,426
2023-10-10T00:00:00.000Z,0.43,8.47,1.53,1.23,5.25,2.255,353
2023-10-11T00:00:00.000Z,0.67,9.19,1.73,1.3,4.5,2.2,351
2023-10-12T00:00:00.000Z,0.2,2.43,0.85,0.67,1.1,0.315,286
2023-10-13T00:00:00.000Z,1,7.63,2.31,1.9,2.73,0.937,62
2023-10-14T00:00:00.000Z,0.3,3.37,1.19,0.77,1.4,0.524,156
2023-10-15T00:00:00.000Z,0.1,9.77,0.6,0.4,0.9,0.881,477
2023-10-16T00:00:00.000Z,0.3,2.6,0.67,0.5,0.8,0.249,439
2023-10-17T00:00:00.000Z,0.3,6.8,0.8,0.6,1.1,0.962,454
2023-10-18T00:00:00.000Z,0.2,27.3,0.56,0.4,1.5,2.077,399
2023-10-19T00:00:00.000Z,0.4,6.33,1,0.8,1.17,0.476,261
2023-10-20T00:00:00.000Z,0.4,2.1,0.9,0.8,1.1,0.255,306
2023-10-21T00:00:00.000Z,0.3,2.7,0.8,0.63,1.1,0.345,265
2023-10-22T00:00:00.000Z,0.3,20.83,0.73,0.6,1.03,1.855,214
2023-10-23T00:00:00.000Z,0.8,8.9,2.93,1.7,4.3,1.694,215
2023-10-24T00:00:00.000Z,0.9,14.83,1.93,1.6,2.6,1.392,298
2023-10-25T00:00:00.000Z,1,6.37,2.2,1.89,2.67,0.769,345
2023-10-26T00:00:00.000Z,0.9,13.97,1.77,1.47,2.23,1.105,313
2023-10-27T00:00:00.000Z,1.2,22.6,2.1,1.9,2.27,1.89,370
2023-10-28T00:00:00.000Z,0.93,47.03,1.9,1.7,2.5,2.868,334
2023-10-29T00:00:00.000Z,0.7,4.53,1.8,1.55,2.1,0.467,288
2023-10-30T00:00:00.000Z,0.37,1.8,0.83,0.63,1.05,0.297,97
2023-10-31T00:00:00.000Z,0.5,9.8,0.95,0.8,1.29,1.954,20
2023-11-01T00:00:00.000Z,0.43,26.43,1,0.8,2.37,6.146,154
2023-11-02T00:00:00.000Z,0.43,2.73,1.19,0.9,1.57,0.46,284
2023-11-03T00:00:00.000Z,0.4,29.1,1.8,1.27,5.4,3.981,350
2023-11-04T00:00:00.000Z,0.56,24.1,2.15,1.1,3.6,2.426,382
2023-11-05T00:00:00.000Z,2.29,13.3,6.47,4.9,8.3,2.383,378
2023-11-06T00:00:00.000Z,1.27,15,6.73,4.5,11.2,3.724,407
2023-11-07T00:00:00.000Z,0.3,35.22,1.3,0.6,4.83,5.219,422
2023-11-08T00:00:00.000Z,1.1,4.13,2.5,2.06,3,0.564,202
2023-11-09T00:00:00.000Z,0.6,44.3,1.37,1,3.47,4.643,131
2023-11-10T00:00:00.000Z,0.47,31.17,1.37,0.97,3,2.68,435
2023-11-11T00:00:00.000Z,0.4,63.33,1.8,1.03,2.9,4.239,446
2023-11-12T00:00:00.000Z,0.3,30.6,0.97,0.8,1.17,1.876,270
2023-11-13T00:00:00.000Z,0.8,20,1.9,1.4,2.29,1.293,427
2023-11-14T00:00:00.000Z,0.3,16.03,0.87,0.7,1.1,0.792,453
2023-11-15T00:00:00.000Z,0.3,11.2,0.8,0.67,1.3,1.108,271
2023-11-16T00:00:00.000Z,0.6,2.77,1.42,1.05,1.77,0.508,60
2023-11-17T00:00:00.000Z,0.7,5.67,1.4,1.2,1.7,0.52,168
2023-11-18T00:00:00.000Z,0.9,16.6,2.59,2,5.09,2.757,202
2023-11-19T00:00:00.000Z,0.73,11.13,4.3,2.84,5.84,1.983,317
2023-11-20T00:00:00.000Z,1.6,7.33,4.23,3.67,4.76,0.948,203
2023-11-22T00:00:00.000Z,0.3,8.9,1.5,1.1,2.13,1.532,239
2023-11-23T00:00:00.000Z,0.23,8.86,1.5,0.73,3.05,1.932,405
2023-11-24T00:00:00.000Z,0.2,4.2,0.7,0.5,1.2,0.511,398
2023-11-25T00:00:00.000Z,0.37,6.33,0.93,0.73,1.23,0.668,360
2023-11-26T00:00:00.000Z,0.2,17.7,0.8,0.6,1.1,1.311,301
2023-11-27T00:00:00.000Z,0.33,2.6,1,0.7,1.4,0.46,121
2023-11-28T00:00:00.000Z,0.43,4.57,1.2,1,1.52,0.505,233
2023-11-29T00:00:00.000Z,2.29,6.93,3.84,2.5,5.67,1.696,6
2023-11-30T00:00:00.000Z,1.17,1.8,1.23,1.17,1.8,0.284,3
2023-12-01T00:00:00.000Z,0.7,3.4,1.43,1.2,1.77,0.565,51
2023-12-02T00:00:00.000Z,1.5,2.2,1.94,1.72,2.04,0.195,12
2023-12-03T00:00:00.000Z,0.67,4.67,2.06,1.74,2.72,0.829,48
2023-12-04T00:00:00.000Z,1.03,13.97,3.13,1.9,5.99,2.71,273
2023-12-05T00:00:00.000Z,0.3,48.8,2,1.6,2.57,3.239,426
2023-12-06T00:00:00.000Z,0.47,20.9,2.29,1.32,3.5,1.923,341
2023-12-07T00:00:00.000Z,0.47,56.3,2.1,1.3,2.67,4.368,171
2023-12-08T00:00:00.000Z,1.6,12.3,3.07,2.52,4.76,2.769,59
2023-12-09T00:00:00.000Z,2.2,8.19,4.73,3.83,5.79,1.311,121
2023-12-10T00:00:00.000Z,2.29,9.67,5.37,4.05,6.29,1.578,85
2023-12-11T00:00:00.000Z,1.4,6.17,3.05,2.52,3.7,0.982,70
2023-12-12T00:00:00.000Z,1,5,1.9,1.67,3.73,1.19,75
2023-12-13T00:00:00.000Z,1.43,4,2.65,2.17,3.17,0.645,34
2023-12-14T00:00:00.000Z,1.3,1.9,1.62,1.44,1.75,0.194,12
2023-12-15T00:00:00.000Z,3.2,30.73,5.99,5.23,7.23,3.869,78
2023-12-16T00:00:00.000Z,1.87,13.73,2.97,2.5,3.8,1.803,139
2023-12-17T00:00:00.000Z,0.7,20.77,2.75,1.87,4.09,3.448,258
2023-12-18T00:00:00.000Z,0.4,3.67,2.31,1.9,2.79,0.628,176
2023-12-19T00:00:00.000Z,0.6,7.13,1.3,0.9,2.17,1.831,61
2023-12-20T00:00:00.000Z,0.5,8.9,1.1,0.85,1.39,0.862,113
2023-12-21T00:00:00.000Z,1.1,7.03,2.67,1.52,3.3,1.161,133
2024-01-02T00:00:00.000Z,1,1,1,1,1,0,1
2024-01-03T00:00:00.000Z,0.83,1.6,1.14,0.9,1.3,0.256,6
2024-01-04T00:00:00.000Z,1.93,1.93,1.93,1.93,1.93,0,1
2024-01-05T00:00:00.000Z,0.3,3.25,0.8,0.53,0.93,0.686,15
2024-01-06T00:00:00.000Z,0.1,6.25,0.81,0.36,2.09,1.54,120
2024-01-07T00:00:00.000Z,0.3,3.07,1.06,0.69,1.4,0.636,36
2024-01-29T00:00:00.000Z,4.17,23.53,10.05,7.05,16.85,7.104,4
2024-01-30T00:00:00.000Z,6.2,20.3,10.6,9.97,11.87,2.244,55
2024-01-31T00:00:00.000Z,1.2,10.19,1.9,1.43,2.1,3.294,10
2024-02-01T00:00:00.000Z,0.2,10.23,1,0.6,1.67,1.582,49
2024-02-02T00:00:00.000Z,2.5,2.5,2.5,2.5,2.5,0,1
2024-02-03T00:00:00.000Z,0.4,3.93,1.12,0.9,1.3,0.515,59
2024-02-04T00:00:00.000Z,0.2,12.7,1.2,0.7,2.87,3.047,79
2024-02-05T00:00:00.000Z,7.97,10.1,9.03,7.97,10.1,1.065,2
2024-02-06T00:00:00.000Z,1.53,3.9,2.29,1.6,3.42,0.971,4
2024-02-07T00:00:00.000Z,1.03,1.2,1.17,1.08,1.2,0.07,4
2024-02-08T00:00:00.000Z,1.8,8.6,7.17,2.57,8.13,2.635,14
2024-02-09T00:00:00.000Z,0.4,6.3,1.73,1.3,2.43,1.272,23
2024-02-10T00:00:00.000Z,0.56,3.23,1.5,1.2,1.8,0.482,89
2024-02-11T00:00:00.000Z,1.07,2.63,1.93,1.59,2.25,0.438,29
2024-02-12T00:00:00.000Z,0.93,2.13,1.87,1.27,2,0.408,10
2024-02-16T00:00:00.000Z,0.63,8.19,5.8,0.7,7.03,2.76,7
2024-02-17T00:00:00.000Z,0.33,9.3,1,0.6,6.24,3.102,25
2024-02-18T00:00:00.000Z,0.6,8.4,1.14,0.87,2.76,2.378,16
2024-02-21T00:00:00.000Z,0.8,0.9,0.8,0.8,0.9,0.047,3
2024-02-26T00:00:00.000Z,7.6,8.33,7.97,7.6,8.33,0.365,2
2024-03-06T00:00:00.000Z,6.63,10.3,8.33,7.4,10.15,1.338,5
2024-03-08T00:00:00.000Z,3.87,13.3,8.59,3.87,13.3,4.715,2
2024-03-09T00:00:00.000Z,0.8,1.7,1.1,0.8,1.45,0.331,5
2024-03-10T00:00:00.000Z,1.7,1.7,1.7,1.7,1.7,0,1
2024-03-11T00:00:00.000Z,0.97,4.13,2.1,1.83,2.49,0.609,69
2024-03-12T00:00:00.000Z,1.63,5.43,2.7,2.37,3.2,0.703,63
2024-03-13T00:00:00.000Z,3.03,30.7,16.73,4.87,24.12,9.317,113
2024-03-14T00:00:00.000Z,0.6,30.3,1.7,1.43,8.3,8.704,94
2024-03-15T00:00:00.000Z,2.1,77.43,29.07,21.83,38.1,13.613,195
2024-03-19T00:00:00.000Z,0.93,1.9,1.47,1.05,1.57,0.296,9
2024-03-21T00:00:00.000Z,8.33,8.33,8.33,8.33,8.33,0,1
2024-03-26T00:00:00.000Z,1.67,1.67,1.67,1.67,1.67,0,1
2024-03-27T00:00:00.000Z,4.03,4.03,4.03,4.03,4.03,0,1
2024-03-28T00:00:00.000Z,4.83,4.83,4.83,4.83,4.83,0,1
2024-03-31T00:00:00.000Z,1.5,5.2,4.03,3.83,4.51,0.664,32
2024-04-01T00:00:00.000Z,4.7,7.03,5.5,5.33,5.83,0.552,47
2024-04-02T00:00:00.000Z,0.53,2.7,1.43,1.27,1.6,0.383,101
2024-04-03T00:00:00.000Z,0.37,1.8,0.8,0.63,1.07,0.292,287
2024-04-04T00:00:00.000Z,0.3,2.4,0.8,0.7,1,0.278,183
2024-04-05T00:00:00.000Z,1.07,9.86,2.4,1.7,3.03,1.189,67
2024-04-06T00:00:00.000Z,0.2,5.93,1.45,0.6,2.33,1.336,368
2024-04-07T00:00:00.000Z,0.77,5.9,3.1,2.4,3.97,1.062,457
2024-04-08T00:00:00.000Z,1.8,5.57,3,2.67,3.4,0.662,444
2024-04-09T00:00:00.000Z,1,18,2.7,2,4.25,2.144,464
2024-04-10T00:00:00.000Z,0.3,10.7,2.1,1.12,4.34,2.699,436
2024-04-11T00:00:00.000Z,0.8,5.23,2.52,2.1,3.07,0.815,445
2024-04-12T00:00:00.000Z,1,8.63,3.79,2.54,5.4,1.857,436
2024-04-13T00:00:00.000Z,0.5,8.47,2.75,2.2,3.33,1.36,402
2024-04-14T00:00:00.000Z,0.1,6.7,0.8,0.37,1.83,1.252,436
2024-04-15T00:00:00.000Z,0.3,7.1,0.7,0.5,1.67,0.918,451
2024-04-16T00:00:00.000Z,0.2,3.27,0.77,0.6,0.97,0.68,447
2024-04-17T00:00:00.000Z,0.5,5.53,1.65,1.03,2.7,0.965,466
2024-04-18T00:00:00.000Z,0.5,9.3,1.17,0.97,1.87,1.67,452
2024-04-19T00:00:00.000Z,1,6.53,2.97,2.1,3.75,1.164,445
2024-04-20T00:00:00.000Z,0.5,5.73,1.4,1.03,2.29,1.236,439
2024-04-21T00:00:00.000Z,0.5,3,1.12,1,1.8,0.558,462
2024-04-22T00:00:00.000Z,0.8,4.26,1.9,1.57,2.29,0.673,433
2024-04-23T00:00:00.000Z,1.83,13,3.93,3.03,5,1.568,440
2024-04-24T00:00:00.000Z,0.93,8.1,2.37,1.9,3.37,1.462,457
2024-04-25T00:00:00.000Z,1.47,5.13,2.6,2.29,3.2,0.701,465
2024-04-26T00:00:00.000Z,0.6,6.97,2.7,2,3.47,1.244,458
2024-04-27T00:00:00.000Z,0.5,18.67,1.5,1.1,2.02,1.176,413
2024-04-28T00:00:00.000Z,1.33,9.02,3,2.57,3.6,1.202,417
2024-04-29T00:00:00.000Z,0.8,18.13,1.77,1.4,7.3,5.354,466
2024-04-30T00:00:00.000Z,0.6,6.87,1.5,1.1,2.5,1.13,459
2024-05-01T00:00:00.000Z,0.7,2.8,1.2,1,1.6,0.453,453
2024-05-02T00:00:00.000Z,0.3,4.4,0.9,0.7,1,0.293,449
2024-05-03T00:00:00.000Z,0.6,2.67,1.25,1,1.53,0.379,456
2024-05-04T00:00:00.000Z,1.3,4.7,1.93,1.7,2.4,0.545,291
2024-05-05T00:00:00.000Z,1.23,17,4,2.2,5.44,2.577,368
2024-05-06T00:00:00.000Z,0.6,2.63,1.17,1,1.7,0.453,475
2024-05-07T00:00:00.000Z,0.9,5,1.4,1.23,2,0.628,465
2024-05-08T00:00:00.000Z,0.6,4.5,2.7,2.17,3,0.74,462
2024-05-09T00:00:00.000Z,3.5,16.67,7.23,5.07,11.83,3.552,475
2024-05-10T00:00:00.000Z,0.3,18.6,1.1,0.9,1.57,4.22,469
2024-05-11T00:00:00.000Z,0.5,11.8,1.3,1,1.7,1.036,471
2024-05-12T00:00:00.000Z,1.2,8.3,1.7,1.53,1.9,0.687,458
2024-05-13T00:00:00.000Z,0.97,6.17,2.7,1.7,3.93,1.282,450
2024-05-14T00:00:00.000Z,0.9,8.97,2.33,1.3,4.33,2.013,461
2024-05-15T00:00:00.000Z,1.07,6.17,1.8,1.4,2.27,0.61,464
2024-05-16T00:00:00.000Z,1.57,5.4,2.79,2.27,3.2,0.693,448
2024-05-17T00:00:00.000Z,2.2,7,3.87,3.4,4.67,0.815,460
2024-05-18T00:00:00.000Z,2.29,12.5,3.9,3.1,4.8,1.681,458
2024-05-19T00:00:00.000Z,0.93,18.93,4.09,3.45,8.66,3.797,473
2024-05-20T00:00:00.000Z,0.37,2.02,1,0.87,1.2,0.23,457
2024-05-21T00:00:00.000Z,0.3,2.33,0.9,0.7,1.1,0.27,460
2024-05-22T00:00:00.000Z,0.6,2.8,1.3,0.97,1.7,0.514,446
2024-05-23T00:00:00.000Z,0.7,5.43,2.52,1.5,3.6,1.24,447
2024-05-24T00:00:00.000Z,3.73,49.3,15.3,9.02,23.84,9.473,445
2024-05-25T00:00:00.000Z,4.76,33.7,20.5,9,26.63,9.305,435
2024-05-26T00:00:00.000Z,1.87,17.39,6.17,3.33,9.63,3.94,435
2024-05-27T00:00:00.000Z,1.4,9.8,4.59,3.12,6.33,1.816,453
2024-05-28T00:00:00.000Z,2.6,20.67,5,3.9,11.4,4.67,455
2024-05-29T00:00:00.000Z,0.7,5.27,1.3,1.07,2.29,1.004,459
2024-05-30T00:00:00.000Z,1.27,5.77,2.1,1.9,2.6,1.125,450
2024-05-31T00:00:00.000Z,2.2,6.7,3.4,2.9,4.59,1.128,448
2024-06-01T00:00:00.000Z,2.17,9,5.43,3.07,6.73,2.004,431
2024-06-02T00:00:00.000Z,2.37,8.9,5.33,3.8,6.63,1.671,447
2024-06-03T00:00:00.000Z,0.77,15.4,7.63,1.7,9.17,3.796,443
2024-06-04T00:00:00.000Z,1.1,5.8,1.9,1.7,2.1,0.447,439
2024-06-05T00:00:00.000Z,0.9,7.43,2.4,1.83,2.93,1.242,431
2024-06-06T00:00:00.000Z,0.9,10.23,2.93,2.33,3.7,2.4,430
2024-06-07T00:00:00.000Z,1.37,5.77,2.4,2,2.85,0.564,425
2024-06-08T00:00:00.000Z,1,8.5,3.67,2.6,5.09,1.782,424
2024-06-09T00:00:00.000Z,0.8,4.7,2,1.4,2.5,0.803,441
2024-06-10T00:00:00.000Z,0.2,7.77,0.8,0.6,1.6,1.044,456
2024-06-11T00:00:00.000Z,0.3,1.7,0.7,0.6,0.9,0.227,458
2024-06-12T00:00:00.000Z,0.7,4.26,1.27,1,1.6,0.833,447
2024-06-13T00:00:00.000Z,1.2,4.37,2,1.7,2.52,0.565,453
2024-06-14T00:00:00.000Z,1.8,8.27,3.4,2.92,4.07,1.212,441
2024-06-15T00:00:00.000Z,1.2,4.87,2.1,1.8,3.39,0.935,373
2024-06-16T00:00:00.000Z,0.7,4.26,1.8,1.47,2.29,0.703,429
2024-06-17T00:00:00.000Z,0.7,3.9,1.4,1.2,2.2,0.641,449
2024-06-18T00:00:00.000Z,1,14.37,2.25,1.87,3.7,1.424,452
2024-06-19T00:00:00.000Z,0.6,12.13,1.83,1.3,3.07,1.647,434
2024-06-20T00:00:00.000Z,0.7,8.77,2.1,1.2,3.83,1.768,454
2024-06-21T00:00:00.000Z,0.9,9.73,2.4,2,3.43,1.713,427
2024-06-22T00:00:00.000Z,0.7,5.5,2.02,1.3,2.45,0.938,432
2024-06-23T00:00:00.000Z,0.6,6.23,1.4,1,1.67,0.94,438
2024-06-24T00:00:00.000Z,2.37,28.07,4.8,3.9,6.02,2.117,449
2024-06-25T00:00:00.000Z,0.67,7.53,1.83,1.35,3,1.834,424
2024-06-26T00:00:00.000Z,1.3,4.4,2.29,2.06,2.6,0.556,437
2024-06-27T00:00:00.000Z,1.4,5.09,2.9,2.54,3.67,0.823,439
2024-06-28T00:00:00.000Z,1.4,46.03,5.03,3.32,9.3,3.87,456
2024-06-29T00:00:00.000Z,0.83,5.27,1.63,1.39,1.9,0.436,445
2024-06-30T00:00:00.000Z,1.4,11.5,2.37,2.1,2.9,1.313,428
2024-07-01T00:00:00.000Z,0.9,10.77,1.83,1.3,2.8,2.045,430
2024-07-02T00:00:00.000Z,1.4,5.47,2.1,1.9,2.43,0.522,427
2024-07-03T00:00:00.000Z,0.7,9.73,1.6,1.21,1.9,1.085,433
2024-07-04T00:00:00.000Z,0.33,3.67,1.1,0.9,1.4,0.466,451
2024-07-05T00:00:00.000Z,0.6,3.23,1.6,1.37,1.83,0.382,447
2024-07-06T00:00:00.000Z,1.4,7.53,2.52,2.1,3.57,1.487,432
2024-07-07T00:00:00.000Z,0.7,14,1.63,1.37,1.97,0.979,441
2024-07-08T00:00:00.000Z,0.6,3.37,1.55,1.3,1.87,0.471,444
2024-07-09T00:00:00.000Z,0.9,3.7,1.7,1.23,2.29,0.67,442
2024-07-10T00:00:00.000Z,1,30.9,2.54,1.8,5,3.752,476
2024-07-11T00:00:00.000Z,1.9,34.43,3.5,2.8,7.87,5.179,430
2024-07-12T00:00:00.000Z,1.03,9.86,2.2,1.8,3.07,1.075,460
2024-07-13T00:00:00.000Z,0.6,7.7,2.4,1.65,3.4,1.329,448
2024-07-14T00:00:00.000Z,0.5,6.57,1.4,1.1,1.8,0.681,406
2024-07-15T00:00:00.000Z,1.1,5.2,2.2,1.9,2.67,0.761,450
2024-07-16T00:00:00.000Z,0.6,4.07,1.73,1.2,2.1,0.591,459
2024-07-17T00:00:00.000Z,0.6,12.4,2.6,1.72,3.69,1.411,272
2024-07-18T00:00:00.000Z,0.5,17.1,1.27,0.7,2.38,2.994,321
2024-07-19T00:00:00.000Z,0.8,999.9,3.2,2.47,4.7,65.419,474
2024-07-20T00:00:00.000Z,1,999.9,2.63,2.1,4,82.706,511
2024-07-21T00:00:00.000Z,0.03,999.9,4,3.5,4.4,67.476,509
2024-07-22T00:00:00.000Z,2.93,50.1,5.5,4.57,6.6,2.32,507
2024-07-23T00:00:00.000Z,0.9,5.09,2.77,1.8,3.23,0.838,496
2024-07-24T00:00:00.000Z,0.97,8,2.5,1.53,4,1.587,498
2024-07-25T00:00:00.000Z,1,8.19,2.1,1.4,3.2,1.293,510
2024-07-26T00:00:00.000Z,1.33,4.9,2.5,1.93,2.93,0.645,511
2024-07-27T00:00:00.000Z,1,11.07,2.2,1.5,4.59,2.691,511
2024-07-28T00:00:00.000Z,0.6,6.53,1.12,0.9,3.93,1.652,511
2024-07-29T00:00:00.000Z,0.33,31.43,1,0.77,1.52,1.636,509
2024-07-30T00:00:00.000Z,1.5,22.3,2.97,2.52,3.4,1.704,487
2024-07-31T00:00:00.000Z,0.3,999.9,2.29,1.2,5.72,191.434,509
2024-08-01T00:00:00.000Z,0.6,999.9,1.47,1.2,1.97,112.278,507
2024-08-02T00:00:00.000Z,1.2,5.57,1.97,1.63,2.6,0.782,510
2024-08-03T00:00:00.000Z,1.93,8.3,3.43,2.85,4.59,1.228,509
2024-08-04T00:00:00.000Z,3.83,12.37,6.4,5,7.7,1.962,508
2024-08-05T00:00:00.000Z,3.17,14.33,4.83,4.13,8.5,3.116,507
2024-08-06T00:00:00.000Z,2.29,20.27,4.57,3.4,8,3.449,505
2024-08-07T00:00:00.000Z,1.6,12.27,3.83,3.17,7.23,2.732,507
2024-08-08T00:00:00.000Z,1,17.67,2.5,1.7,5.62,2.259,508
2024-08-09T00:00:00.000Z,0.9,5.97,2.47,2.1,2.87,0.819,491
2024-08-10T00:00:00.000Z,0.7,5.33,1.75,1.47,2.27,0.769,502
2024-08-11T00:00:00.000Z,0.3,7.7,0.73,0.6,2.13,1.723,467
2024-08-12T00:00:00.000Z,0.3,3.1,0.6,0.5,1,0.531,498
2024-08-13T00:00:00.000Z,0.5,2.7,1.3,0.8,1.6,0.466,504
2024-08-14T00:00:00.000Z,0.73,2.9,1.23,1.1,1.5,0.311,488
2024-08-15T00:00:00.000Z,1.4,11.03,2.7,2.2,3.8,2.053,465
2024-08-16T00:00:00.000Z,0.4,6.5,1.55,0.8,2.63,1.169,424
2024-08-17T00:00:00.000Z,1,3.6,1.9,1.5,2.37,0.525,480
2024-08-18T00:00:00.000Z,1.4,4.87,2.77,2.3,3.53,0.81,484
2024-08-19T00:00:00.000Z,0.8,11.83,2.5,1.4,4.04,2.14,500
2024-08-20T00:00:00.000Z,2.33,8.8,3.4,3.03,3.9,1.151,506
2024-08-21T00:00:00.000Z,1.1,12.2,6.39,2.57,8.57,3.203,488
2024-08-22T00:00:00.000Z,1.23,6.37,2.97,2.29,3.9,1.069,493
2024-08-23T00:00:00.000Z,1.17,4.93,2.8,2.17,3.37,0.816,378
2024-08-24T00:00:00.000Z,1,7.5,1.9,1.6,2.27,0.995,242
2024-08-25T00:00:00.000Z,0.5,17.63,3,2.27,5.97,3.974,343
2024-08-26T00:00:00.000Z,2.1,10.02,5.5,3.1,7.35,2.187,497
2024-08-27T00:00:00.000Z,1.3,9.47,4.2,2.89,6.33,2.34,501
2024-08-28T00:00:00.000Z,3.77,11.1,5.63,4.97,6.67,1.545,502
2024-08-29T00:00:00.000Z,4.59,23.87,8.5,7.6,10.7,4.102,495
2024-08-30T00:00:00.000Z,1.4,29.8,5.03,2.1,10.27,6.519,499
2024-08-31T00:00:00.000Z,0.87,14.87,2.2,1.5,4.4,3.037,502
2024-09-01T00:00:00.000Z,0.77,5.7,1.9,1.33,2.43,0.766,501
2024-09-02T00:00:00.000Z,2.2,10.33,3,2.7,3.27,0.6,497
2024-09-03T00:00:00.000Z,1.47,5.2,2.43,2.1,3.67,0.852,502
2024-09-04T00:00:00.000Z,2.93,16.1,9.36,7.1,11,2.523,502
2024-09-05T00:00:00.000Z,6.13,17.37,11.1,8.41,14.35,3.185,500
2024-09-06T00:00:00.000Z,6.57,27.67,12.65,8.02,16.72,4.674,496
2024-09-07T00:00:00.000Z,4.93,15.27,9.23,7,11.33,2.679,442
2024-09-08T00:00:00.000Z,7.57,18.57,11.33,8.9,14.99,3.106,500
2024-09-09T00:00:00.000Z,4.23,15.53,9.25,7.37,10.8,2.384,498
2024-09-10T00:00:00.000Z,0.6,13.83,1.53,1.3,1.93,2.804,487
2024-09-11T00:00:00.000Z,0.5,16.77,1.2,0.9,1.53,0.882,507
2024-09-12T00:00:00.000Z,0.43,2,1,0.83,1.19,0.252,505
2024-09-13T00:00:00.000Z,0.47,4.33,1.37,0.93,2,0.745,484
2024-09-14T00:00:00.000Z,0.5,5.7,1.7,0.8,2.1,0.852,509
2024-09-15T00:00:00.000Z,0.6,5.5,1.9,1.5,3.7,1.268,503
2024-09-16T00:00:00.000Z,0.7,11.37,2.43,1.1,3.57,1.419,507
2024-09-17T00:00:00.000Z,2.02,14.07,6.23,3.83,7.5,2.305,503
2024-09-18T00:00:00.000Z,2.93,39.67,9.3,5.9,14.5,6.724,503
2024-09-19T00:00:00.000Z,3.3,52.17,8.27,5.53,26.77,12.131,506
2024-09-20T00:00:00.000Z,2.73,37.03,10.6,7.6,14.57,5.741,497
2024-09-21T00:00:00.000Z,1.1,31.53,7.03,4.9,9.02,3.751,501
2024-09-22T00:00:00.000Z,1.2,20.77,4.9,3.83,11.23,4.554,499
2024-09-23T00:00:00.000Z,9.47,37.9,15.83,12.33,21.27,6.603,503
2024-09-24T00:00:00.000Z,6.47,45,15.2,11.37,26.8,10.308,439
2024-09-25T00:00:00.000Z,1.1,18.03,2.13,1.8,9.03,4.91,497
2024-09-26T00:00:00.000Z,0.8,9.69,1.4,1.2,1.7,0.709,508
2024-09-27T00:00:00.000Z,0.4,11.2,1.21,0.8,1.8,1.477,386
2024-09-28T00:00:00.000Z,0.2,18.82,0.7,0.5,1.2,1.285,342
2024-09-29T00:00:00.000Z,0.4,9.23,0.7,0.6,2.57,1.641,475
2024-09-30T00:00:00.000Z,0.5,2.8,1.2,1,1.4,0.386,494
2024-10-01T00:00:00.000Z,0.4,7.33,1.5,0.8,2.47,1.822,490
2024-10-02T00:00:00.000Z,0.5,10.83,2.1,1,3.22,2.231,509
2024-10-03T00:00:00.000Z,0.4,8.6,2.43,1.1,3.17,1.578,496
2024-10-04T00:00:00.000Z,1,17.39,3.2,2,9.02,4.056,508
2024-10-05T00:00:00.000Z,0.8,21.27,1.59,1.3,11.13,6.162,510
2024-10-06T00:00:00.000Z,0.93,9.33,1.83,1.4,2.67,1.175,510
2024-10-07T00:00:00.000Z,0.8,12.2,1.6,1.3,8.3,3.823,510
2024-10-08T00:00:00.000Z,1.5,16.1,5.03,3.83,6.17,2.962,509
2024-10-09T00:00:00.000Z,0.9,19.2,10.07,3.65,12.83,5.199,448
2024-10-10T00:00:00.000Z,0.3,8.23,3.19,2.2,4.2,1.622,422
2024-10-11T00:00:00.000Z,0.1,2.5,0.53,0.4,1.1,0.561,473
2024-10-12T00:00:00.000Z,0.3,8.43,1.17,0.9,1.53,0.886,435
2024-10-13T00:00:00.000Z,0.8,3.53,1.7,1.5,2.13,0.486,450
2024-10-14T00:00:00.000Z,1.1,6.77,2.4,1.77,3.67,1.219,495
2024-10-15T00:00:00.000Z,0.3,38.29,1.8,1,4.8,3.365,499
2024-10-16T00:00:00.000Z,1.2,18.03,2.52,1.9,3.5,1.643,471
2024-10-17T00:00:00.000Z,1.5,6.4,3.1,2.33,4.37,1.217,419
2024-10-18T00:00:00.000Z,2.2,33.07,13.13,3.5,17.27,6.808,301
2024-10-19T00:00:00.000Z,6.43,29.33,14.8,12.13,16.8,3.9,495
2024-10-20T00:00:00.000Z,2.97,23.6,5.6,4.4,11.3,5.671,431
2024-10-21T00:00:00.000Z,2.2,6.33,4.3,3.67,4.87,0.838,351
2024-10-22T00:00:00.000Z,1,6.17,2.8,2.2,4.07,1.19,475
2024-10-23T00:00:00.000Z,0.83,4.13,2.06,1.6,2.83,0.74,486
2024-10-24T00:00:00.000Z,1.2,10.73,3.39,2.5,4.72,2.374,460
2024-10-25T00:00:00.000Z,2.1,22.9,8.97,3.6,13.07,5.516,467
2024-10-26T00:00:00.000Z,3.73,28.57,16.02,10.3,19.1,5.448,504
2024-10-27T00:00:00.000Z,0.47,22.93,1.9,1.3,10.83,6.562,503
2024-10-28T00:00:00.000Z,0.53,11.9,2.27,1.6,2.87,1.933,472
2024-10-29T00:00:00.000Z,0.3,6.2,0.93,0.7,1.2,0.709,427
2024-10-30T00:00:00.000Z,0.37,16.63,1.67,0.9,2.52,1.817,496
2024-10-31T00:00:00.000Z,1.2,4.5,2.47,2,2.83,0.572,479
2024-11-01T00:00:00.000Z,0.1,6.93,0.5,0.3,1.57,0.972,452
2024-11-02T00:00:00.000Z,0.2,4.57,0.53,0.4,0.77,0.515,499
2024-11-03T00:00:00.000Z,0.17,42.87,0.97,0.7,1.17,2.612,474
2024-11-04T00:00:00.000Z,0.27,3.37,1.2,0.8,1.7,0.723,381
2024-11-05T00:00:00.000Z,0.9,5.7,2.6,1.9,3.23,0.964,419
2024-11-06T00:00:00.000Z,0.17,7.83,2.67,1.57,3.63,1.467,407
2024-11-07T00:00:00.000Z,0.5,17.47,1.3,0.97,2,4.017,330
2024-11-08T00:00:00.000Z,1.3,25.57,5.27,3.67,6.93,3.988,182
2024-11-09T00:00:00.000Z,0.5,3.6,1,0.8,1.09,0.598,33
2024-11-10T00:00:00.000Z,0.67,5.77,2.17,1.1,3.3,1.244,56
2024-11-11T00:00:00.000Z,0.9,13.27,1.95,1.5,3.7,2.868,282
2024-11-12T00:00:00.000Z,0.7,26.1,3.33,1.87,4.2,2.182,350
2024-11-13T00:00:00.000Z,0.77,6.53,2,1.43,3,1.165,327
2024-11-14T00:00:00.000Z,0.7,7.63,2,1.5,2.8,1.098,300
2024-11-15T00:00:00.000Z,0.67,5.3,1.7,1.3,2.6,1.004,435
2024-11-16T00:00:00.000Z,0.23,5.27,1.37,0.93,1.77,0.634,475
2024-11-17T00:00:00.000Z,0.27,6.23,1.1,0.8,1.57,1.081,481
2024-11-18T00:00:00.000Z,0.3,18.67,1,0.8,1.3,2.016,488
2024-11-19T00:00:00.000Z,0.3,10.37,1.77,1.25,2.62,1.158,469
2024-11-20T00:00:00.000Z,0.2,6.77,0.7,0.6,0.87,0.525,459
2024-11-21T00:00:00.000Z,0.13,5.23,0.8,0.6,1,0.505,448
2024-11-22T00:00:00.000Z,0.2,6.9,0.8,0.6,1.4,0.95,473
2024-11-23T00:00:00.000Z,0.4,36.83,3.65,1.4,7.17,5.305,372
2024-11-24T00:00:00.000Z,0.8,9.73,2.5,1.77,3.95,1.859,412
2024-11-25T00:00:00.000Z,0.97,5.7,3.33,2.47,4.23,1.192,215
2024-11-26T00:00:00.000Z,0.9,5.03,2.47,1.97,3.17,0.885,467
2024-11-27T00:00:00.000Z,0.27,7.3,0.9,0.53,1.5,0.907,461
2024-11-28T00:00:00.000Z,0.3,31.87,1.3,0.8,1.83,3.345,299
2024-11-29T00:00:00.000Z,0.7,5.37,1.7,1.4,2.13,0.87,299
2024-11-30T00:00:00.000Z,1.53,7.07,3.73,3.2,4.53,1.098,438
2024-12-01T00:00:00.000Z,3.1,18.2,9.13,5.22,12.65,4.117,357
2024-12-02T00:00:00.000Z,0.1,13.8,6,3.8,7.62,2.865,505
2024-12-03T00:00:00.000Z,0.2,96.27,0.67,0.4,1.17,4.642,435
2024-12-04T00:00:00.000Z,0.53,14.63,1.7,1.1,2.63,1.509,454
2024-12-05T00:00:00.000Z,0.9,6.27,2.17,1.83,2.7,0.727,494
2024-12-06T00:00:00.000Z,1.4,12.4,4.09,3.1,7.13,2.695,483
2024-12-07T00:00:00.000Z,1.53,15.13,4.63,3.1,8.86,3.485,494
2024-12-08T00:00:00.000Z,1,81.7,5.3,4.5,6.23,5.019,488
2024-12-09T00:00:00.000Z,0.53,25.23,1.6,1.23,7.27,3.644,478
2024-12-10T00:00:00.000Z,1.9,39.7,4.83,3.4,6.67,2.698,496
2024-12-11T00:00:00.000Z,1.4,9.9,4.33,2.6,5.2,1.675,474
2024-12-12T00:00:00.000Z,2,14.9,4.07,3,6.07,2.863,503
2024-12-13T00:00:00.000Z,0.47,6.6,3.4,1.1,4.9,1.869,499
2024-12-14T00:00:00.000Z,0.3,7.93,0.9,0.63,1.27,0.824,421
2024-12-15T00:00:00.000Z,0.3,5.73,0.9,0.56,1.4,0.69,439
2024-12-16T00:00:00.000Z,0.1,8.13,1.57,1.07,3.3,1.659,439
2024-12-17T00:00:00.000Z,0.3,18.1,0.9,0.63,1.4,3.59,317
2024-12-18T00:00:00.000Z,0.6,14.37,2.02,1.4,3.43,2.118,446
2024-12-19T00:00:00.000Z,1.1,5.03,2.63,2,3.12,0.726,252
2024-12-20T00:00:00.000Z,0.3,9.1,0.83,0.6,1.5,1.514,366
2024-12-21T00:00:00.000Z,0.43,15.67,1.83,1.39,2.5,2.056,461
2024-12-22T00:00:00.000Z,1.5,6.4,3.19,2.38,4.07,1.069,484
2024-12-23T00:00:00.000Z,0.27,147.1,1,0.6,1.5,6.749,474
2024-12-24T00:00:00.000Z,0.47,4.59,1.2,1,1.53,0.724,489
2024-12-25T00:00:00.000Z,0.3,5.2,1.6,1.3,2.29,0.955,504
2024-12-26T00:00:00.000Z,0.6,4.26,1.2,1,1.4,0.373,506
2024-12-27T00:00:00.000Z,0.67,16.47,2.6,1.5,3.4,1.743,509
2024-12-28T00:00:00.000Z,0.3,3.53,0.9,0.7,1.37,0.68,511
2024-12-29T00:00:00.000Z,0.13,13.7,0.9,0.6,1.6,1.147,419
2024-12-30T00:00:00.000Z,0.2,14.07,1.1,0.8,1.43,0.979,301
2024-12-31T00:00:00.000Z,0.3,31.47,1.17,0.9,1.57,2.125,363
2025-01-01T00:00:00.000Z,0.23,23.63,0.83,0.65,1,1.881,473
2025-01-02T00:00:00.000Z,0.2,38.03,0.92,0.56,2.17,2.32,508
2025-01-03T00:00:00.000Z,0.2,21.7,1.07,0.83,1.67,2.459,507
2025-01-04T00:00:00.000Z,0.3,32.2,5.13,1.2,8.69,4.584,511
2025-01-05T00:00:00.000Z,0.25,12.7,2.13,1.4,2.97,1.558,510
2025-01-06T00:00:00.000Z,0.6,12.23,1.82,1.23,2.6,1.488,512
2025-01-07T00:00:00.000Z,0.2,4.17,1.1,0.7,1.63,0.656,502
2025-01-08T00:00:00.000Z,0.2,7.13,0.9,0.6,1.9,1.16,506
2025-01-09T00:00:00.000Z,0.9,56.4,1.67,1.47,2,3.407,338
2025-01-10T00:00:00.000Z,0.2,7.7,1.3,0.8,1.95,0.825,493
2025-01-11T00:00:00.000Z,0.2,6.03,0.5,0.4,0.6,0.394,468
2025-01-12T00:00:00.000Z,0.2,15.6,1.83,0.7,9.8,4.784,499
2025-01-13T00:00:00.000Z,0.53,10.1,1.63,1.1,2.87,1.671,313
2025-01-14T00:00:00.000Z,0.7,10.19,2.37,1.27,3.63,2.033,285
2025-01-15T00:00:00.000Z,0.5,5.3,1.3,1,2.4,0.946,500
2025-01-16T00:00:00.000Z,0.7,10,2.06,1.4,4.43,2.169,415
2025-01-17T00:00:00.000Z,3.5,13.43,5.8,5,6.7,1.491,295
2025-01-18T00:00:00.000Z,0.8,23.83,4.88,2.83,6.7,2.437,498
2025-01-19T00:00:00.000Z,1.4,12,4.3,3.67,5,1.21,425
2025-01-20T00:00:00.000Z,1.23,12.07,4.76,4,5.92,1.685,453
2025-01-21T00:00:00.000Z,0.83,21.8,3.7,2.5,10.3,5.351,431
2025-01-22T00:00:00.000Z,2.83,23.6,9.1,5.4,13.7,5.164,378
2025-01-23T00:00:00.000Z,0.6,6.7,2.1,1.43,3.8,1.393,412
2025-01-24T00:00:00.000Z,0.2,12.17,3.67,1.37,5.33,3.077,157
2025-01-25T00:00:00.000Z,1.17,6.73,3.7,2.89,4.47,1.113,345
2025-01-26T00:00:00.000Z,2.2,8.19,4.7,3.77,6.23,1.71,43
2025-01-27T00:00:00.000Z,0.3,5.17,1.77,1.3,2.33,1.09,358
2025-01-28T00:00:00.000Z,2.97,18.1,5.63,4.67,7.5,2.132,509
2025-01-29T00:00:00.000Z,0.6,7.3,1.6,1.19,2.29,0.934,505
2025-01-30T00:00:00.000Z,0.47,7.67,1.5,0.9,3,1.436,281
2025-01-31T00:00:00.000Z,0.63,10.83,1.8,1.4,2.38,1.169,453
2025-02-01T00:00:00.000Z,0.47,17.03,1.4,0.97,6.2,2.952,380
2025-02-02T00:00:00.000Z,0.5,12.27,2.5,1.7,3.53,1.458,444
2025-02-03T00:00:00.000Z,0.8,23.43,3,2.06,9.52,6.011,451
2025-02-04T00:00:00.000Z,5.53,50.03,25.27,21.13,30.03,8.047,510
2025-02-05T00:00:00.000Z,0.7,31.67,5.27,3.05,10.77,7.827,509
2025-02-06T00:00:00.000Z,0.8,24.87,1.4,1.1,5.79,6.679,504
2025-02-07T00:00:00.000Z,0.7,9.19,3.63,2.13,5.13,1.914,475
2025-02-08T00:00:00.000Z,1.73,11.47,4.63,3.23,6.67,2.084,484
2025-02-09T00:00:00.000Z,2.77,548.5,8.9,7.23,10.59,32.454,489
2025-02-10T00:00:00.000Z,0.47,12.7,2.4,1.8,3.23,1.462,505
2025-02-11T00:00:00.000Z,0.63,3.23,1.87,1.67,2.1,0.408,261
2025-02-12T00:00:00.000Z,0.93,59.13,2.93,2.1,3.6,2.955,453
2025-02-13T00:00:00.000Z,0.3,104.83,1.97,0.8,2.5,6.385,435
2025-02-14T00:00:00.000Z,0.4,15.07,1.47,1.2,1.97,2.51,269
2025-02-15T00:00:00.000Z,0.2,36.79,1.12,0.5,1.63,2.624,395
2025-02-16T00:00:00.000Z,0.2,10.47,0.8,0.67,1.03,0.668,298
2025-02-17T00:00:00.000Z,0.3,6.07,0.9,0.7,1.1,0.659,396
2025-02-18T00:00:00.000Z,0.3,4.4,0.83,0.63,1.77,1.06,470
2025-02-19T00:00:00.000Z,1,14.17,1.99,1.6,2.7,1.811,510
2025-02-20T00:00:00.000Z,0.4,10.53,1.3,0.8,4.93,2.776,505
2025-02-21T00:00:00.000Z,1.37,41.97,32.93,22.7,35.9,10.83,506
2025-02-22T00:00:00.000Z,6.77,47.1,26.1,14.03,29.65,9.244,509
2025-02-23T00:00:00.000Z,1.4,65.67,10.99,3.67,42.93,20.742,490
2025-02-24T00:00:00.000Z,3.93,14.83,10.1,8.4,11.5,2.195,411
2025-02-25T00:00:00.000Z,0.8,16.63,3.7,2.6,11.07,4.381,404
2025-02-26T00:00:00.000Z,1.97,9.13,4.17,3.3,5.13,1.444,431
2025-02-27T00:00:00.000Z,3.47,11.1,6.2,5.07,7.43,1.736,226
2025-02-28T00:00:00.000Z,1.5,5.93,4.3,3.75,4.72,0.886,76
2025-03-01T00:00:00.000Z,0.6,26.6,2.33,1.65,3.4,4.08,221
2025-03-02T00:00:00.000Z,0.5,31.2,1.92,1.3,3.1,2.186,488
2025-03-03T00:00:00.000Z,0.6,4.63,1.93,1.4,2.35,0.649,420
2025-03-04T00:00:00.000Z,1.12,4.87,2.37,2.02,2.72,0.54,449
2025-03-05T00:00:00.000Z,1.7,6.93,4.2,3.2,4.93,1.129,419
2025-03-06T00:00:00.000Z,3.37,6.87,5.09,4.55,5.52,0.738,124
2025-03-07T00:00:00.000Z,17.6,56.17,27.37,24.43,34.36,8.799,355
2025-03-08T00:00:00.000Z,2.9,26.67,8.17,4.55,14.5,5.656,485
2025-03-09T00:00:00.000Z,2.5,18.87,8.17,4.57,10.73,3.561,473
2025-03-10T00:00:00.000Z,0.5,13.4,3.57,1.6,7.23,3.496,503
2025-03-11T00:00:00.000Z,0.27,3,0.8,0.67,1,0.342,504
2025-03-12T00:00:00.000Z,0.3,5.4,0.9,0.7,1.32,0.636,504
2025-03-13T00:00:00.000Z,0.3,7.1,1.47,0.89,2.72,1.72,344
2025-03-14T00:00:00.000Z,0.56,6.67,1.97,1.12,3,1.466,320
2025-03-15T00:00:00.000Z,0.8,3.17,1.25,0.97,2.63,0.866,14
2025-03-18T00:00:00.000Z,0.63,5.9,3.47,2,4.58,1.474,60
2025-03-19T00:00:00.000Z,0.7,6.37,1.23,1,2.23,0.955,511
2025-03-20T00:00:00.000Z,0.8,6.47,2,1.5,2.5,1.016,507
2025-03-21T00:00:00.000Z,0.5,7.67,1,0.8,1.57,0.802,511
2025-03-22T00:00:00.000Z,0.7,7.73,1.8,1.37,2.43,1.471,510
2025-03-23T00:00:00.000Z,1,10.73,2.29,1.77,3.7,2.415,512
2025-03-24T00:00:00.000Z,1.73,14.2,3.47,2.9,6.4,3.32,511
2025-03-25T00:00:00.000Z,2.6,18.1,5.9,4,13.37,4.992,511
2025-03-26T00:00:00.000Z,0.4,13.37,0.9,0.77,1.1,2.126,510
2025-03-27T00:00:00.000Z,0.77,14.7,4.7,2.8,9,3.759,195
2025-03-28T00:00:00.000Z,12.37,42.6,26.04,19.97,33.27,6.96,394
2025-03-29T00:00:00.000Z,0.87,20.87,2.23,1.9,3.93,4.97,507
2025-03-30T00:00:00.000Z,0.47,5,1.7,1.3,2.23,0.653,441
2025-03-31T00:00:00.000Z,0.2,4.33,0.73,0.4,1.6,0.761,483
2025-04-01T00:00:00.000Z,0.5,10.3,1.9,1,2.3,1.666,211
2025-04-02T00:00:00.000Z,0.63,11.17,1.1,0.87,2.1,1.61,156
2025-04-03T00:00:00.000Z,0.5,6.67,1.1,0.8,1.5,0.618,505
2025-04-04T00:00:00.000Z,0.2,1.5,0.63,0.5,0.9,0.254,510
2025-04-05T00:00:00.000Z,0.2,3.93,0.6,0.47,0.9,0.52,502
2025-04-06T00:00:00.000Z,0.3,1.4,0.8,0.6,0.9,0.194,324
2025-04-07T00:00:00.000Z,0.2,3.67,0.7,0.4,1.53,0.754,283
2025-04-08T00:00:00.000Z,0.47,3.7,1,0.7,1.43,0.606,509
2025-04-09T00:00:00.000Z,0.2,2,0.7,0.6,0.87,0.263,504
2025-04-10T00:00:00.000Z,0.4,6.5,1.12,0.8,1.6,0.784,511
2025-04-11T00:00:00.000Z,0.3,2.9,0.87,0.67,1.07,0.404,510
2025-04-12T00:00:00.000Z,0.2,2.4,0.7,0.5,1,0.346,510
2025-04-13T00:00:00.000Z,0.8,27.67,3.3,1.5,9.91,7.469,496
2025-04-14T00:00:00.000Z,0.56,30.97,1.83,1.1,7.1,7.875,511
2025-04-15T00:00:00.000Z,1.17,29.83,2.5,1.8,5.2,3.527,499
2025-04-16T00:00:00.000Z,1.6,10.67,5.09,4.33,5.63,1.562,510
2025-04-17T00:00:00.000Z,2.83,20.57,7.04,4.87,11.95,4.038,512
2025-04-18T00:00:00.000Z,7.5,32.36,15.2,13.03,18.23,4.206,511
2025-04-19T00:00:00.000Z,0.4,12.83,1.4,1,3.64,3.381,437
2025-04-20T00:00:00.000Z,0.2,3.6,0.8,0.63,1.1,0.369,510
2025-04-21T00:00:00.000Z,0.5,4.23,1.2,1,2.1,0.835,511
2025-04-22T00:00:00.000Z,0.77,242.4,3.63,2.22,6.5,11.089,512
2025-04-23T00:00:00.000Z,0.2,14.93,1.45,0.8,4.55,3.753,512
2025-04-24T00:00:00.000Z,0.47,3.5,1.3,1.03,1.79,0.596,512
2025-04-25T00:00:00.000Z,0.3,10.73,0.7,0.56,0.97,1.15,511
2025-04-26T00:00:00.000Z,0.6,10.19,1.1,0.93,1.9,0.97,512
2025-04-27T00:00:00.000Z,1.1,6.53,2,1.67,3.8,1.513,510
2025-04-28T00:00:00.000Z,1.1,15.47,4.4,3.03,7.05,3.545,513
2025-04-29T00:00:00.000Z,0.1,5.87,0.7,0.5,0.9,0.664,512
2025-04-30T00:00:00.000Z,0.17,5,0.6,0.4,1.2,1.038,509
2025-05-01T00:00:00.000Z,0.6,21.53,3.49,1.79,7.97,4.81,512
2025-05-02T00:00:00.000Z,0.3,18.32,1.93,0.8,8.52,5.181,467
2025-05-03T00:00:00.000Z,0.3,3.13,0.92,0.6,1.1,0.334,424
2025-05-04T00:00:00.000Z,0.3,2.8,0.67,0.5,0.8,0.302,511
2025-05-05T00:00:00.000Z,0.4,6.2,1,0.8,1.47,0.729,513
2025-05-06T00:00:00.000Z,0.1,3.5,0.56,0.4,0.83,0.602,510
2025-05-07T00:00:00.000Z,0.56,5.53,1,0.9,1.2,0.805,510
2025-05-08T00:00:00.000Z,0.6,3.1,1.27,1,1.5,0.358,512
2025-05-09T00:00:00.000Z,0.6,11.43,1.5,1.12,2.02,0.911,511
2025-05-10T00:00:00.000Z,1.3,4.9,3,2.1,3.59,0.86,512
2025-05-11T00:00:00.000Z,1.23,12.7,2.5,1.8,4.09,1.508,511
2025-05-12T00:00:00.000Z,2.02,15.03,5.09,3.8,7.22,2.989,512
2025-05-13T00:00:00.000Z,0.7,13.27,3.73,2.87,5.2,2.033,512
2025-05-14T00:00:00.000Z,0.4,2.4,0.9,0.73,1.12,0.39,511
2025-05-15T00:00:00.000Z,0.47,1.67,1,0.83,1.17,0.218,512
2025-05-16T00:00:00.000Z,0.33,2.5,0.8,0.63,1.07,0.422,512
2025-05-17T00:00:00.000Z,0.3,8.33,1.2,0.93,1.5,1.176,510
2025-05-18T00:00:00.000Z,0.33,7,0.9,0.8,1.12,1.118,511
2025-05-19T00:00:00.000Z,0.8,6.7,1.2,1.1,1.4,0.56,511
2025-05-20T00:00:00.000Z,0.56,4.59,1.27,1,1.7,0.67,510
2025-05-21T00:00:00.000Z,0.3,1.77,0.8,0.7,0.9,0.171,511
2025-05-22T00:00:00.000Z,0.2,19.03,0.7,0.4,0.9,0.984,513
2025-05-23T00:00:00.000Z,0.2,7.83,0.9,0.7,1.4,0.848,511
2025-05-24T00:00:00.000Z,0.63,5.57,1.6,1.07,3,1.34,512
2025-05-25T00:00:00.000Z,1.23,9.5,2.7,2,4.13,1.871,467
2025-05-26T00:00:00.000Z,0.67,14.23,2.06,1.6,2.8,2.703,508
2025-05-27T00:00:00.000Z,1.3,5.9,2.57,2.2,3.23,0.796,510
2025-05-28T00:00:00.000Z,0.9,6.77,2.37,1.7,2.9,0.836,513
2025-05-29T00:00:00.000Z,0.5,23.7,1.5,0.95,3.67,1.919,512
2025-05-30T00:00:00.000Z,0.2,4.76,1.7,1.2,2.6,0.921,512
2025-05-31T00:00:00.000Z,0.1,2.27,0.5,0.3,0.62,0.303,512
2025-06-01T00:00:00.000Z,0.9,13.27,1.77,1.3,4.34,3.044,513
2025-06-02T00:00:00.000Z,0.87,6.23,2.29,1.4,2.87,1.144,512
2025-06-03T00:00:00.000Z,1.1,4.47,1.8,1.5,2.1,0.763,511
2025-06-04T00:00:00.000Z,1.9,8.43,3.17,2.6,3.73,1.246,509
2025-06-05T00:00:00.000Z,1,9.13,2.27,1.77,3,1.599,511
2025-06-06T00:00:00.000Z,0.5,6.27,1.77,0.9,3.43,1.618,513
2025-06-07T00:00:00.000Z,0.3,9.07,1.17,0.7,1.9,1.138,511
2025-06-08T00:00:00.000Z,0.6,4.63,1.8,1.2,2.57,0.9,511
2025-06-09T00:00:00.000Z,0.6,14.47,1.57,1,2.7,1.799,513
2025-06-10T00:00:00.000Z,1.9,22.43,3.8,2.9,17.53,7.288,510
2025-06-11T00:00:00.000Z,0.2,15.67,1.12,0.7,5.14,3.564,509
2025-06-12T00:00:00.000Z,0.3,3.97,0.73,0.6,1,0.699,453
2025-06-13T00:00:00.000Z,0.6,3.47,1.27,0.97,1.8,0.672,511
2025-06-14T00:00:00.000Z,0.9,6.63,1.73,1.3,2.47,0.811,510
2025-06-15T00:00:00.000Z,2.43,6.6,3.8,3.03,4.3,0.868,322
2025-06-16T00:00:00.000Z,1.4,14.2,3.3,2.79,3.85,1.286,392
2025-06-17T00:00:00.000Z,1.4,15.8,7.5,4.73,8.52,2.973,511
2025-06-18T00:00:00.000Z,1.3,16.43,2.65,2.17,3.4,2.704,512
2025-06-19T00:00:00.000Z,0.4,4.09,1.12,0.8,1.42,0.618,512
2025-06-20T00:00:00.000Z,0.9,6.03,1.47,1.3,1.7,0.614,510
2025-06-21T00:00:00.000Z,0.3,8.63,0.9,0.6,3,1.962,511
2025-06-22T00:00:00.000Z,0.77,3.2,1.1,1,1.3,0.434,512
2025-06-23T00:00:00.000Z,1.2,10,2.63,2,5.13,2.084,510
2025-06-24T00:00:00.000Z,0.2,6.07,1.2,0.7,1.9,1.318,512
2025-06-25T00:00:00.000Z,0.8,11.27,1.73,1.5,2.1,0.787,508
2025-06-26T00:00:00.000Z,1.27,9.67,2.7,1.93,3.7,1.746,512
2025-06-27T00:00:00.000Z,0.7,9.6,2.02,1.3,4.87,2.059,511
2025-06-28T00:00:00.000Z,1.1,11.43,4.26,3.4,4.73,1.507,512
2025-06-29T00:00:00.000Z,0.2,15.83,1.3,0.6,3.33,2.471,490
2025-06-30T00:00:00.000Z,0.23,3.23,0.53,0.47,0.73,0.727,358
2025-07-01T00:00:00.000Z,1.67,7.53,3.5,2.93,4.63,1.198,511
2025-07-02T00:00:00.000Z,2.17,10.83,4.07,3.4,4.7,0.986,482
2025-07-03T00:00:00.000Z,0.1,12.7,1.4,0.4,2.9,2.553,486
2025-07-04T00:00:00.000Z,0.53,4.07,2.29,1.1,2.7,0.895,491
2025-07-05T00:00:00.000Z,0.83,5.8,3.35,2.2,4.09,1.244,486
2025-07-06T00:00:00.000Z,0.67,4.57,1.82,1.3,2.4,0.907,452
2025-07-07T00:00:00.000Z,0.6,7.73,2.1,1.62,2.8,0.884,512
2025-07-08T00:00:00.000Z,1.3,5,2,1.73,2.45,0.545,513
2025-07-09T00:00:00.000Z,1.03,19.07,2,1.6,3.37,2.284,510
2025-07-10T00:00:00.000Z,1.43,10.93,2.37,2,2.8,1.216,509
2025-07-11T00:00:00.000Z,1.6,6.37,3.2,2.67,4,1.104,510
2025-07-12T00:00:00.000Z,3.03,8.77,5.6,4.9,6.2,0.974,496
2025-07-13T00:00:00.000Z,2.29,12.53,6.45,4.13,8.67,2.449,510
2025-07-14T00:00:00.000Z,2.02,20.83,6.6,4,9.17,3.233,511
2025-07-15T00:00:00.000Z,2.67,34.83,7.05,5.27,12.17,4.043,512
2025-07-16T00:00:00.000Z,2,12.9,5.87,2.87,7.43,2.783,513
2025-07-17T00:00:00.000Z,1.77,4.43,3.2,2.4,3.63,0.673,512
2025-07-18T00:00:00.000Z,2.43,14.63,3.57,3.1,4.7,2.192,507
2025-07-19T00:00:00.000Z,3.85,13.57,6.66,4.88,8.97,2.439,512
2025-07-20T00:00:00.000Z,4.53,27.22,8,5.92,10.5,3.592,507
2025-07-21T00:00:00.000Z,3.8,10.47,4.84,4.53,5.9,1.654,511
2025-07-22T00:00:00.000Z,2.06,8.23,5.57,5.13,6.1,0.829,513
2025-07-23T00:00:00.000Z,2.2,10.6,6.1,5.2,8.02,1.767,512
2025-07-24T00:00:00.000Z,2.6,999.9,6.83,6.26,8.1,64.748,500
2025-07-25T00:00:00.000Z,4,13.6,6.6,5.79,7.83,1.867,513
2025-07-26T00:00:00.000Z,3.63,14.3,9.4,6.3,11.63,2.876,507
2025-07-27T00:00:00.000Z,1.12,5.53,2.59,1.77,3.67,1.1,508
2025-07-28T00:00:00.000Z,1.8,8.77,2.9,2.52,3.8,1.751,511
2025-07-29T00:00:00.000Z,0.4,16.97,4.37,1.39,5.7,2.509,508
2025-07-30T00:00:00.000Z,0.9,7.47,3.8,2.7,5.2,1.611,511
2025-07-31T00:00:00.000Z,3.07,16.27,5.09,4.33,6.03,1.927,478
2025-08-01T00:00:00.000Z,2.4,10.27,4.03,3.23,5.27,1.915,509
2025-08-02T00:00:00.000Z,2.23,19.5,4.2,3.53,6.03,1.861,498
2025-08-03T00:00:00.000Z,1.3,10.1,2.8,2.29,3.7,2.114,510
2025-08-04T00:00:00.000Z,0.73,6.1,2.4,1.3,3,1.064,508
2025-08-05T00:00:00.000Z,1.1,4.43,2.67,2.2,3.2,0.653,493
2025-08-06T00:00:00.000Z,0.8,5.03,1.87,1.55,2.27,0.512,464
2025-08-07T00:00:00.000Z,1.07,5.53,2.47,1.83,3.3,0.982,495
2025-08-08T00:00:00.000Z,1.17,8.73,4.76,3.7,5.7,1.681,501
2025-08-09T00:00:00.000Z,1.7,4.53,2.67,2.4,2.9,0.382,499
2025-08-10T00:00:00.000Z,0.47,6.87,2.35,1.1,3.7,1.696,510
2025-08-11T00:00:00.000Z,0.6,4.13,1.67,1.17,2.47,0.825,506
2025-08-12T00:00:00.000Z,1.77,10.47,2.97,2.5,4.59,1.915,511
2025-08-13T00:00:00.000Z,2.1,13.7,5.03,3.97,6.75,2.094,501
2025-08-14T00:00:00.000Z,2.33,10.17,4.73,3.1,6.5,1.935,506
2025-08-15T00:00:00.000Z,1.07,13,6,4.87,7.29,2.296,485
2025-08-16T00:00:00.000Z,0.2,1.7,0.5,0.4,0.63,0.204,511
2025-08-17T00:00:00.000Z,0.2,1.5,0.6,0.4,0.8,0.279,512
2025-08-18T00:00:00.000Z,0.63,4.59,1.23,1.03,1.63,0.574,513
2025-08-19T00:00:00.000Z,0.17,6.83,0.6,0.4,1.67,1.432,512
2025-08-20T00:00:00.000Z,0.23,2.93,0.6,0.5,0.7,0.211,502
2025-08-21T00:00:00.000Z,0.17,2.6,0.7,0.4,1.12,0.456,341
2025-08-22T00:00:00.000Z,0.17,3.6,0.59,0.4,0.8,0.511,340
2025-08-23T00:00:00.000Z,0.2,2.8,0.47,0.37,1.17,0.668,478
2025-08-24T00:00:00.000Z,0.3,2.02,0.7,0.6,0.8,0.149,513
2025-08-25T00:00:00.000Z,0.2,2.6,0.5,0.4,0.7,0.484,511
2025-08-26T00:00:00.000Z,0.2,4.8,0.77,0.5,1.1,0.893,512
2025-08-27T00:00:00.000Z,0.7,4.59,1.6,1.17,2.95,0.992,513
2025-08-28T00:00:00.000Z,2.29,6.53,4,3.5,4.47,0.8,511
2025-08-29T00:00:00.000Z,4.03,13.6,6.93,5.5,10.52,2.669,509
2025-08-30T00:00:00.000Z,1.6,10.63,3.3,2.97,3.63,1.387,512
2025-08-31T00:00:00.000Z,2.27,12.4,6.6,3.8,8.67,2.816,510
2025-09-01T00:00:00.000Z,1.7,10.43,3.93,2.59,5.45,2.462,508
2025-09-02T00:00:00.000Z,2.37,9.97,6.1,4,7.5,1.911,489
2025-09-03T00:00:00.000Z,1.2,27.03,2.06,1.63,7.8,4.604,449
2025-09-04T00:00:00.000Z,1.27,4.03,2.27,1.9,2.9,0.612,483
2025-09-05T00:00:00.000Z,2.27,23.5,4.83,3.57,6.13,2.729,425
2025-09-06T00:00:00.000Z,13.13,39.17,20.5,17.82,23.43,5.587,27
2025-09-07T00:00:00.000Z,4.4,44.8,9.28,6.47,12.9,6.91,244
2025-09-08T00:00:00.000Z,2.6,23.67,11.7,8.68,19.32,5.875,209
2025-09-09T00:00:00.000Z,9.73,39.29,15.1,12.03,23.49,8.135,476
2025-09-10T00:00:00.000Z,4.53,13.67,8.9,7.17,10.67,2.095,485
2025-09-11T00:00:00.000Z,3.13,22,8.83,5.9,11.57,4.319,483
2025-09-12T00:00:00.000Z,0.6,4.63,1.77,1.23,2.25,0.686,428
2025-09-13T00:00:00.000Z,0.7,2.57,1.33,1.1,1.53,0.34,462
2025-09-14T00:00:00.000Z,0.7,6.13,1.47,1.2,2.1,0.709,463
2025-09-15T00:00:00.000Z,0.9,11.7,2.2,1.4,3.39,1.354,408
2025-09-16T00:00:00.000Z,0.5,9.47,1.6,1.1,2.23,1.224,508
2025-09-17T00:00:00.000Z,0.33,5.03,1.3,0.8,2.12,0.917,509
2025-09-18T00:00:00.000Z,0.8,4.5,2.6,2.06,3.17,0.745,461
2025-09-19T00:00:00.000Z,1.12,8.07,3.03,2.04,4.13,1.334,485
2025-09-20T00:00:00.000Z,2.7,13.1,4.7,4,5.97,2.04,410
2025-09-21T00:00:00.000Z,0.2,15.97,3.5,0.7,7.37,3.766,507
2025-09-22T00:00:00.000Z,0.17,7.07,0.7,0.4,1.27,0.999,450
2025-09-23T00:00:00.000Z,0.2,4.3,1.1,0.5,1.4,0.758,492
2025-09-24T00:00:00.000Z,0.37,5.4,1.2,0.8,2.73,1.283,503
2025-09-25T00:00:00.000Z,0.6,5.27,1.7,1.3,2.47,0.919,502
2025-09-26T00:00:00.000Z,0.73,7.37,2.5,1.3,3.9,1.437,510
2025-09-27T00:00:00.000Z,0.9,13.17,3.1,1.7,5,2.989,511
2025-09-28T00:00:00.000Z,0.7,6.17,1.43,1.1,2.2,1.192,497
2025-09-29T00:00:00.000Z,0.5,2.43,1.12,1,1.5,0.367,502
2025-09-30T00:00:00.000Z,0.6,4.2,1.4,1,1.6,0.493,491
2025-10-01T00:00:00.000Z,0.8,10.63,1.6,1.12,2.9,2.372,495
2025-10-02T00:00:00.000Z,2.1,13.63,3.1,2.77,3.59,2.112,500
2025-10-03T00:00:00.000Z,1.2,4.93,2.33,1.9,3.03,0.771,507
2025-10-04T00:00:00.000Z,0.7,5.63,1.9,1.5,2.6,0.936,508
2025-10-05T00:00:00.000Z,0.7,5.93,1.5,1.12,2,0.577,510
2025-10-06T00:00:00.000Z,0.4,3.83,1.2,0.9,1.5,0.59,489
2025-10-07T00:00:00.000Z,0.53,5.67,1.7,1.1,3.27,1.321,480
2025-10-08T00:00:00.000Z,0.3,5.8,2.27,1.19,3,1.367,464
2025-10-09T00:00:00.000Z,0.6,6.47,1.9,1.47,2.29,0.738,394
2025-10-10T00:00:00.000Z,0.7,7.7,1.5,1.2,1.93,1.229,452
2025-10-11T00:00:00.000Z,0.3,7.6,1,0.8,1.29,0.583,273
2025-10-12T00:00:00.000Z,0.2,27.63,0.67,0.5,0.9,1.486,377
2025-10-13T00:00:00.000Z,0.43,16.57,1.63,1.3,2.29,1.536,337
2025-10-14T00:00:00.000Z,0.7,8.36,1.8,1.2,2.67,1.726,495
2025-10-15T00:00:00.000Z,0.8,21.9,3.33,1.83,9.89,5.203,485
2025-10-16T00:00:00.000Z,0.7,96.33,2.93,1.77,4.26,5.446,429
2025-10-17T00:00:00.000Z,0.2,5.93,1.27,0.8,1.77,0.957,507
2025-10-18T00:00:00.000Z,0.3,9.97,1,0.7,2.2,1.217,511
2025-10-19T00:00:00.000Z,0.8,12.97,2.19,1.2,3.57,1.906,502
2025-10-20T00:00:00.000Z,0.7,4.33,1.43,1.21,1.87,0.72,492
2025-10-21T00:00:00.000Z,3.5,21.8,9.47,7.63,12.87,3.691,509
2025-10-22T00:00:00.000Z,1.9,20.77,5.27,4.47,6.9,4.516,471
2025-10-23T00:00:00.000Z,0.9,14.4,2.13,1.53,4.72,2.926,497
2025-10-24T00:00:00.000Z,0.3,7.13,2.13,1.33,2.83,1.26,413
2025-10-25T00:00:00.000Z,0.93,11.7,1.9,1.5,3.4,1.712,327
2025-10-26T00:00:00.000Z,0.5,4.97,2,0.9,2.6,0.985,486
2025-10-27T00:00:00.000Z,0.4,10.9,1,0.7,1.3,1.812,428
2025-10-28T00:00:00.000Z,0.3,9.73,1.6,1.1,2.52,1.29,498
2025-10-29T00:00:00.000Z,0.13,17.93,2.29,1.8,3.4,1.779,503
2025-10-30T00:00:00.000Z,0.2,36.57,1.17,0.4,2.9,2.982,472
2025-10-31T00:00:00.000Z,0.2,5.2,0.6,0.47,0.9,0.757,475
2025-11-01T00:00:00.000Z,0.4,11.97,1.9,1,2.7,2.608,502
2025-11-02T00:00:00.000Z,0.83,6.1,3,1.77,3.87,1.241,414
2025-11-03T00:00:00.000Z,0.83,5.67,1.77,1.5,2.1,0.599,506
2025-11-04T00:00:00.000Z,0.4,3.33,1.37,0.9,2,0.633,511
2025-11-05T00:00:00.000Z,1.4,9.2,6.1,4.17,7.03,1.831,486
2025-11-06T00:00:00.000Z,5.09,27.97,15.03,10.47,17,4.221,483
2025-11-07T00:00:00.000Z,1.7,24.23,6,5,12.79,6.219,441
2025-11-08T00:00:00.000Z,3.1,262.93,5.95,4.33,8.8,11.809,506
2025-11-09T00:00:00.000Z,1.8,43.03,12.13,10.23,14.3,3.611,439
2025-11-10T00:00:00.000Z,1.43,4.33,2.9,2.2,3.13,0.597,83
2025-11-11T00:00:00.000Z,0.73,11.23,2.47,1.9,3.8,1.61,385